1,Maleeha,Female,24,Lahore
2,Zainab,Female,26,Lahore
3,Atiya,Female,25,Kararchi
4,Maheen ,Female,26,Lahore
5,Iram,Female,25,Lahore
6,Asim,Male,28,Kararchi
7,Aqil,Male,28,Multan
8,Mahnoor,Female,24,Kararchi
9,Shumaila,Female,29,Faislabad
10,Hussain,Male,39,Islamabad
11,Fahad,Male,22,Islamabad
12,Tehami,Male,24,Multan
13,Danish,Male,40,Kararchi
14,Fahid,Male,60,Lahore
15,Asim 2,Male,22,Multan
16,Waqas,Male,33,Lahore
17,Anees,Male,11,Islamabad
18,Nouman,Male,4,Faislabad
19,Anum,Female,3,Faislabad
20,Alishba,Female,21,Faislabad
21,Khalid,Male,66,Islamabad
22,Sobia,Female,22,Kararchi
23,Sana,Female,55,Islamabad
24,Arooj,Female,76,Multan
25,Ayesha,Female,43,Faislabad